date,close,volume,open,high,low
2/22/2018,211.7,702929,216.97,218.58,211.09
2/21/2018,216.11,311822,215.91,218.32,215.495
2/20/2018,216,348949,214.73,216.98,213.17
2/16/2018,216.04,364912,213.69,217.755,213.41
2/15/2018,214.2,332813,213.75,214.49,210.75
2/14/2018,212.29,337467,211.12,214.26,210.82
2/13/2018,212.51,287054,209.88,212.73,209.45
2/12/2018,210.75,448226,207.43,211.08,207.27
2/9/2018,205.97,468159,207.47,209.49,200.68
2/8/2018,206.07,412811,213.95,214.73,206
2/7/2018,214.25,321182,212.11,215.69,211.8442
2/6/2018,211.94,593219,208.21,215.04,208
2/5/2018,212.62,400888,216.07,218.32,211.325
2/2/2018,217.98,282093,223.28,224.46,217.67
2/1/2018,224.54,548275,219.1,225.2,218.5499
1/31/2018,218.56,528648,223.09,223.09,217.28
1/30/2018,221.77,459744,223.5,224.24,220.29
1/29/2018,225.06,526435,228.74,229.66,223.59
1/26/2018,229.88,523727,234.47,234.665,228.9
1/25/2018,233.62,481575,234,235.99,233.01
1/24/2018,232.65,343366,233.95,234.44,230.56
1/23/2018,233.12,427373,231.07,234.9,230.962
1/22/2018,231.74,651407,231.84,234.28,230.59
1/19/2018,231.46,560121,225.61,231.67,224.79
1/18/2018,224.81,613399,223.68,224.85,223.16
1/17/2018,225.1,750659,222.84,225.2,222.3
1/16/2018,222.16,1039021,222.72,226.07,220.45
1/12/2018,222.31,1436370,214.5,223.17,214.14
1/11/2018,218.94,1003459,214.05,220,213.62
1/10/2018,213.51,787835,212.36,214.1,210.25
1/9/2018,213.32,953964,205.63,214.48,205.06
1/8/2018,205.66,551060,206.97,207.17,204.86
1/5/2018,207.27,553824,208.64,209.03,205.38
1/4/2018,209.03,634795,213.89,213.89,207.89
1/3/2018,212.59,1024685,212.23,212.59,209
1/2/2018,210.45,1060630,213.41,213.57,206.583
12/29/2017,212.47,345399,215.28,215.28,212.29
12/28/2017,214.76,634379,214.28,215.03,212
12/27/2017,213.83,629324,215.03,215.78,210.8
12/26/2017,215,407213,213.87,216.36,213.87
12/22/2017,215.17,647993,217.02,217.3212,214.72
12/21/2017,215.63,906973,217.12,217.719,213.155
12/20/2017,216.99,379934,219,219.2542,216.9
12/19/2017,219.26,436679,223.24,224.01,218.97
12/18/2017,221.99,557991,221.02,222.25,218.54
12/15/2017,219.84,549636,219.23,220.8225,217.395
12/14/2017,218.61,331370,221.22,221.9,218.32
12/13/2017,220.78,385856,219.5,221.46,217.35
12/12/2017,218.43,376199,224.69,224.9,218.2
12/11/2017,224.62,521921,225.01,226.59,220.4
12/8/2017,225.49,753689,227.5,227.57,221.33
12/7/2017,225.5,893027,220,234.08,219.45
12/6/2017,221.18,582811,222.96,223.56,220.4
12/5/2017,223.43,381968,220.9,224.13,220.871
12/4/2017,220.86,419147,225.06,225.71,220.6896
12/1/2017,223.71,357176,225.36,227.075,221.06
11/30/2017,225.16,648329,224.98,226.96,222.12
11/29/2017,223.83,361126,225.94,227.34,223.6
11/28/2017,226.04,371395,228.43,228.93,224.74
11/27/2017,227.3,272867,230.98,231.73,227.13
11/24/2017,232.04,107598,230.5,232.11,230.07
11/22/2017,230.01,211353,229.84,230.45,229.03
11/21/2017,229.93,198066,229.3,230.845,229.07
11/20/2017,228.49,218696,230.26,231.24,228.46
11/17/2017,230.41,267736,227.96,230.67,227.3
11/16/2017,228.57,386535,227.73,229.77,225.71
11/15/2017,226.97,270602,228.8,228.82,226.56
11/14/2017,229.73,317279,229.08,230.89,227.46
11/13/2017,229.33,293386,231.11,232.39,229.171
11/10/2017,232.04,192565,233.17,234.605,231.931
11/9/2017,232.58,176723,233.34,234.41,231.62
11/8/2017,234.89,214557,235.75,236.58,233.32
11/7/2017,235.74,183682,236.54,237.77,234.73
11/6/2017,236.71,302062,235.59,236.86,234.87
11/3/2017,235.62,238593,232.38,235.99,231.35
11/2/2017,231.8,232339,230.73,233.77,230.73
11/1/2017,230.47,182303,230.42,232.47,229.66
10/31/2017,229.02,225132,226.97,230.29,226.68
10/30/2017,226.37,170878,227.4,227.85,224.5
10/27/2017,227.32,185991,226.21,227.93,224.61
10/26/2017,225.71,194711,226.72,226.91,225.08
10/25/2017,225.67,254066,226.61,226.67,224.335
10/24/2017,226.77,341854,229.64,229.82,226.52
10/23/2017,229.24,317982,228.8,229.41,228.3
10/20/2017,228.51,532801,223,228.65,222.18
10/19/2017,222.5,467127,221.4,222.62,219.42
10/18/2017,221.8,330507,219.05,222.91,218.01
10/17/2017,218.99,272697,216.59,219.13,216.21
10/16/2017,216.42,401404,217.11,217.2,215.58
10/13/2017,217.44,181977,217.83,218.11,216.63
10/12/2017,216.97,249741,215.93,217.79,215.93
10/11/2017,216.35,205119,215.5,216.77,215.39
10/10/2017,215.8,280573,216.29,217.28,215.66
10/9/2017,216.56,237884,217.35,217.54,215.485
10/6/2017,217.65,568600,214.87,217.68,213.78
10/5/2017,216.49,428655,220.29,220.5499,216.14
10/4/2017,220.5,314384,222.64,222.64,219.895
10/3/2017,221.61,305070,222.09,223.38,220.35
10/2/2017,221.95,365223,229,229,221.44
9/29/2017,228.12,547205,222.4,228.75,221.03
9/28/2017,221.79,1028814,226.5,227.53,218.14
9/27/2017,228.04,528866,226.72,229.19,226.32
9/26/2017,224.99,510167,229.81,229.905,224.97
9/25/2017,229.12,228394,232.28,232.71,228.5
9/22/2017,232.28,213241,229.14,232.42,229.14
9/21/2017,229.76,243975,229.02,230.015,227.715
9/20/2017,228.98,164103,230.37,231,228.81
9/19/2017,230.03,262632,229,230.319,228.63
9/18/2017,228.28,195390,227.55,229.475,227.08
9/15/2017,227.04,306902,228.47,228.73,226.76
9/14/2017,228.52,187280,229.4,229.4,228.08
9/13/2017,229.87,177929,230.25,230.75,228.85
9/12/2017,230.47,208734,230.77,232.38,229.76
9/11/2017,230.38,260006,229.34,231.9,229.34
9/8/2017,227.73,191533,225.91,229.16,225.312
9/7/2017,225.75,156578,227.19,227.385,225.02
9/6/2017,226.3,183367,226.85,227.4,225.64
9/5/2017,226.35,233995,227.98,228.57,224.38
9/1/2017,228.39,187675,228.32,230,227.02
8/31/2017,227.95,277958,224.68,228.16,223.86
8/30/2017,223.82,341291,219.48,224.35,219.48
8/29/2017,219.41,198009,217.66,219.95,217.66
8/28/2017,218.65,381988,222.25,222.7699,217.41
8/25/2017,221.73,154488,221.32,222.5,220.935
8/24/2017,220.78,183344,223.16,223.16,220.5
8/23/2017,221.98,198800,221.93,223.43,221.46
8/22/2017,222.38,300534,220.35,223.3,220.35
8/21/2017,219.91,202555,220.37,221.29,219.42
8/18/2017,220.21,203308,219.4,221.6,218.52
8/17/2017,219.55,215714,221.08,222.08,219.27
8/16/2017,221.55,274002,217.43,221.93,217.2381
8/15/2017,217.42,218763,218.78,219.36,217.3001
8/14/2017,218.61,284444,215.19,219.035,215.19
8/11/2017,213.67,161123,210.72,214.59,210.72
8/10/2017,212.13,164730,211.77,213.195,210.61
8/9/2017,212.72,284275,213.28,215.94,212.17
8/8/2017,213.64,168617,213.7,214.705,211.66
8/7/2017,213.73,214763,214.42,214.47,212.94
8/4/2017,213.68,188868,213.35,214.4,212.595
8/3/2017,212.72,213936,210.95,212.89,210.5
8/2/2017,210.85,271215,212.06,212.8399,209.8
8/1/2017,211.92,365763,211.99,212.86,211.61
7/31/2017,210.76,175387,211.93,212.38,210.56
7/28/2017,211.93,161673,210.73,213.285,210.45
7/27/2017,211.18,209941,213.21,213.41,210.85
7/26/2017,212.75,250468,209.98,213.7999,209.98
7/25/2017,209.87,221567,210.81,211.03,209.15
7/24/2017,209.91,322934,209.09,210.65,208.49
7/21/2017,208.43,265965,206.81,209.54,206.56
7/20/2017,206.11,160627,206.24,206.85,205.18
7/19/2017,206.02,167708,204.03,206.3,204.03
7/18/2017,203.98,180877,204.34,204.7,202.74
7/17/2017,204.33,160415,204.28,205.39,203.83
7/14/2017,203.78,209114,204.8,204.96,203.39
7/13/2017,204.23,270960,205.91,205.91,203.12
7/12/2017,206,293165,203.9,206.65,203.56
7/11/2017,202.74,237288,202.65,203.05,201.08
7/10/2017,203.05,225909,202.27,204.08,201.35
7/7/2017,202.18,559157,199.7,202.83,199.32
7/6/2017,199.09,245570,199.06,199.57,197.475
7/5/2017,199.86,449782,200,200.96,198.05
7/3/2017,200.23,159625,203.3,203.77,200.15
6/30/2017,202.83,248031,200.98,203.68,200.98
6/29/2017,201.18,452044,205.64,205.64,199.17
6/28/2017,205.66,258360,206.38,206.54,205.36
6/27/2017,205.49,222077,208.92,208.92,205.35
6/26/2017,209.24,251145,211.11,211.82,208.53
6/23/2017,211.28,271288,210.58,212.6,209.01
6/22/2017,210.65,287417,210.52,211.7,208.99
6/21/2017,210.42,338396,210.21,211.59,208.551
6/20/2017,209.71,329232,211,211.99,208.96
6/19/2017,211.4,380725,210.2,211.6,209.39
6/16/2017,209.21,500342,205.59,209.21,205.59
6/15/2017,205.38,287520,202.98,205.46,201.63
6/14/2017,204.3,338295,205.2,206.79,202.6401
6/13/2017,205.2,367201,202.81,205.96,202.76
6/12/2017,202.31,649947,201.02,203.37,199.526
6/9/2017,202.1,955574,211.11,212.23,201.23
6/8/2017,210.85,1076215,207,211.7436,203.76
6/7/2017,214.96,828185,213.64,215.039,212.56
6/6/2017,213.11,437918,210.8,214.57,210.5
6/5/2017,212.16,536896,215.79,215.79,212.11
6/2/2017,215.36,456859,214.46,215.82,214.14
6/1/2017,214.67,394623,214.11,214.98,212.26
5/31/2017,213.9,1772868,210.84,214.61,209.985
5/30/2017,210.25,494131,208.6,210.45,208.015
5/26/2017,208.57,324272,205.61,208.57,205.61
5/25/2017,205.91,277512,206.6,207.51,205.55
5/24/2017,205.43,323688,206.44,207.12,204.97
5/23/2017,205.93,353135,204,206.73,204
5/22/2017,204.34,342776,202.28,204.72,201.635
5/19/2017,202,473280,200.02,202.76,199.38
5/18/2017,198.75,449091,198.8,200.66,197.2917
5/17/2017,199.15,319715,200.64,200.64,198.935
5/16/2017,201.92,409043,201.15,202.29,199.96
5/15/2017,199.79,226997,199.79,200.39,199.54
5/12/2017,199.76,174814,201,201.065,199.54
5/11/2017,201.36,161928,200.54,201.97,199.48
5/10/2017,201.19,185388,199.6,201.77,199.6
5/9/2017,199.82,210680,200.33,200.33,198.12
5/8/2017,199.24,324885,201.48,201.48,198.28
5/5/2017,201.44,192543,200.53,202.04,199.94
5/4/2017,199.37,187967,198.98,199.895,197.77
5/3/2017,198.92,231910,198.55,199.03,197.43
5/2/2017,198.87,229597,198.66,199.11,197.11
5/1/2017,198.87,309912,197.72,199.91,197.12
4/28/2017,197.66,246879,199.87,199.87,196.76
4/27/2017,199.11,270616,198.83,200.922,198.38
4/26/2017,199.14,534073,195.91,199.26,195.59
4/25/2017,195.44,200765,195.7,196.72,195.22
4/24/2017,195.18,248394,195.28,195.57,194.09
4/21/2017,193.6,205024,194.24,194.79,192.7
4/20/2017,193.96,173509,193.33,194.37,191.99
4/19/2017,192.62,205934,192.17,193.99,191.45
4/18/2017,191.16,154779,190,191.35,189.3
4/17/2017,189.86,160996,186.68,189.91,186.68
4/13/2017,186.61,194126,188.18,188.62,186.44
4/12/2017,188.58,188085,189.94,190.245,188.29
4/11/2017,189.91,284557,188.67,190,188.15
4/10/2017,188.87,228151,190.63,190.63,188.22
4/7/2017,189.84,257729,191.02,192.16,189.82
4/6/2017,191.17,217309,190.35,192.08,189.195
4/5/2017,189.95,273954,192.53,192.78,189.71
4/4/2017,191.91,354592,190.19,192.03,189.22
4/3/2017,190.33,266623,192.35,192.685,189.75
3/31/2017,191.9,273398,190.15,192.53,190.11
3/30/2017,190.03,461381,189.37,192.79,189.37
3/29/2017,189.41,284974,189.92,189.96,188.675
3/28/2017,189.9,267593,187.65,190.12,187.17
3/27/2017,188.04,267561,185.02,188.17,184.12
3/24/2017,187.53,302536,188.72,189.3386,187.02
3/23/2017,188.75,221404,188.32,189.63,187.27
3/22/2017,187.16,329152,184.58,187.2499,183.845
3/21/2017,185.06,424008,188.96,189.5174,184.65
3/20/2017,188.93,270031,189,189.29,187.6001
3/17/2017,189,634289,187,189.84,186.43
3/16/2017,186.23,299607,187.68,187.68,185.68
3/15/2017,186.91,482622,186.68,187.95,185.52
3/14/2017,185.88,456877,187.04,187.09,185.1869
3/13/2017,187.05,606417,190.32,190.32,186.78
3/10/2017,188.89,1500964,185.7,194.05,184.78
3/9/2017,180.44,413132,181.87,182.91,179.72
3/8/2017,181.8,389012,181.68,182.94,180.36
3/7/2017,182.19,316819,183.55,183.61,181.7
3/6/2017,183.06,360357,183.85,184.2,182.47
3/3/2017,184.16,238509,183.41,184.2,182.03
3/2/2017,182.45,182490,183.31,183.35,181.75
3/1/2017,183.54,376914,182.99,184.47,182.49
2/28/2017,181.18,355861,182.47,182.94,180.82
2/27/2017,182.77,233244,182.67,182.78,181.435
2/24/2017,182.67,263796,179,182.69,179
2/23/2017,180.13,174688,182,182.62,179.63
2/22/2017,181.6,259544,183.09,183.21,180.87
2/21/2017,182.69,334737,180,183.06,179.54
2/17/2017,180,152591,179.8,180,178.34
2/16/2017,179.87,206166,178.04,179.91,178.04
2/15/2017,178.8,291165,178,178.89,176.95
2/14/2017,178.01,314443,177.26,178.58,176.42
2/13/2017,177.37,313997,177.86,178.91,177.11
2/10/2017,177.91,438725,178.79,179.035,177.47
2/9/2017,178.44,263991,176.38,178.78,176.02
2/8/2017,176.17,377767,177.15,177.35,176.02
2/7/2017,177.7,638715,174.25,178.53,174.25
2/6/2017,174.26,519997,173.75,174.82,172.63
2/3/2017,174.2,296204,172.79,174.49,171.99
2/2/2017,172.56,334622,171.02,172.67,170.94
2/1/2017,171.72,292980,172.57,173.04,171.15
1/31/2017,171.54,263178,170.75,172.32,169.5
1/30/2017,170.51,287488,169.65,170.8799,168.83
1/27/2017,170.56,224506,170.27,170.88,169.3
1/26/2017,169.7,433128,169.2,170.22,168.15
1/25/2017,168.8,329184,170,170.92,168.78
1/24/2017,169.07,516046,166.84,169.5,166.5701
1/23/2017,166.9,346789,166,166.99,165.69
1/20/2017,166.03,415790,163.48,166.268,162.4
1/19/2017,162.69,304863,162.93,163.69,162
1/18/2017,162.71,251579,161.75,162.93,161.245
1/17/2017,161.57,400956,165.07,165.11,161.12
1/13/2017,165.04,506479,161.4,165.5518,159.98
1/12/2017,161.5,411430,162.96,162.96,160.5
1/11/2017,163.82,300160,165.08,165.08,163.55
1/10/2017,164.65,362956,162.02,164.95,160.97
1/9/2017,161.73,662874,164.49,164.9899,161.62
1/6/2017,164.47,513850,163.49,164.795,162.69
1/5/2017,163.64,537515,161.6,163.87,161.155
1/4/2017,162.26,479349,161.01,162.34,160.99
1/3/2017,160.98,450236,161.5,161.5,159.84
12/30/2016,161.31,357381,161.86,162.47,160.755
12/29/2016,162.09,378161,161.62,162.81,161.62
12/28/2016,161.84,606114,163.39,163.45,161.2
12/27/2016,163,395221,163.2,163.56,162.59
12/23/2016,162.48,290554,162.79,163.25,160.92
12/22/2016,163.25,523051,161.22,163.48,159.86
12/21/2016,161.12,516872,160.74,161.88,159.65
12/20/2016,160.98,612007,162.35,163.37,160.2
12/19/2016,161.63,403317,162.5,162.5,159.87
12/16/2016,161.64,578271,161.12,162.57,160.01
12/15/2016,160.42,512851,163.12,163.67,160.31
12/14/2016,163.6,413787,162.84,164.44,162.13
12/13/2016,163.38,592489,165.86,169.32,163.15
12/12/2016,166,747332,167.95,167.95,164.83
12/9/2016,167.99,860960,159.31,169.98,158.01
12/8/2016,160.92,533852,163.52,163.52,160.12
12/7/2016,162.73,430349,163.14,163.27,160.91
12/6/2016,161.85,418629,161.65,162.255,159.56
12/5/2016,160.73,233117,158.42,161.12,158.42
12/2/2016,157.92,427012,155.2,158.23,155.1
12/1/2016,155.6,378067,157.85,158.53,154.11
11/30/2016,158.4,348906,162.57,163.909,158.31
11/29/2016,162.01,541897,163.5,163.5,161.69
11/28/2016,163.87,280678,165.07,165.72,163.77
11/25/2016,166.01,82190,165.4,166.03,164.88
11/23/2016,164.62,204372,163.66,165.1,162.84
11/22/2016,164.01,269360,161.18,164.07,160.72
11/21/2016,160.83,541369,155.81,160.91,155.67
11/18/2016,155.81,472271,157.35,157.35,155.72
11/17/2016,157.78,371530,157.3,158.78,157.16
11/16/2016,157.35,398140,155.94,157.93,155.3
11/15/2016,155.94,316022,155.35,156.96,155.35
11/14/2016,155.35,411148,156.82,157.15,154.79
11/11/2016,156.19,548514,154.04,158.85,153.66
11/10/2016,154.44,506002,156.93,157.295,153.91
11/9/2016,155.07,475823,157.3,157.49,154.95
11/8/2016,159.5,287237,158.18,160.26,157.53
11/7/2016,158.88,380766,157.5,159.17,156.36
11/4/2016,155.72,345457,156.82,158.53,155.29
11/3/2016,156.62,230901,156.44,157.63,156.35
11/2/2016,156.43,249262,156.74,157.77,155.74
11/1/2016,157.62,275798,159.4,159.4,156.69
10/31/2016,159.44,307911,156.74,159.83,156.01
10/28/2016,156.67,279215,155.11,157.05,155.11
10/27/2016,155.23,201977,156.54,156.85,153.95
10/26/2016,156.12,274110,155.71,156.4266,154.575
10/25/2016,156.27,239535,158.58,158.67,155.67
10/24/2016,159.03,375915,159.31,159.7871,158.33
10/21/2016,158.04,312725,157.83,158.26,156.58
10/20/2016,157.54,406370,158.47,159.1,155.45
10/19/2016,154.67,196005,155.72,157.4632,154.165
10/18/2016,155.27,407556,154,157.4,154
10/17/2016,153.19,705404,153.92,156.34,152.99
10/14/2016,153.41,593383,153.59,154.92,152.71
10/13/2016,153.34,261387,152.3,154.3,151.595
10/12/2016,153.59,193548,154.48,154.48,153.23
10/11/2016,154.07,301600,154.6,155.81,153.84
10/10/2016,154.81,257456,156,156.5,154.65
10/7/2016,155.79,247426,156,156.87,154.55
10/6/2016,155.57,282385,156.49,157.14,155.19
10/5/2016,156.13,393403,156.94,157.97,155.46
10/4/2016,156.62,291733,158,158,156.61
10/3/2016,156.85,239342,157.79,158.46,156.27
9/30/2016,156.88,386250,157.07,157.74,156.18
9/29/2016,157,277771,156.8,157.84,155.56
9/28/2016,156.77,347707,155.51,157.08,155.18
9/27/2016,155.86,1007775,156.05,156.6999,153.15
9/26/2016,155.8,688815,160.56,161.5945,153.31
9/23/2016,160.56,314070,161,162.75,159.28
9/22/2016,161.96,231467,162.42,162.56,161.55
9/21/2016,161.26,199384,160.75,161.46,159
9/20/2016,159.91,230648,162.06,162.2,159.83
9/19/2016,160.89,185157,160.86,162.95,160.16
9/16/2016,160.7,284664,161.55,161.55,160.1
9/15/2016,161.6,306058,159.88,162.25,159.24
9/14/2016,159.67,197536,160.08,160.82,159.03
9/13/2016,159.17,228206,160.14,160.14,158.21
9/12/2016,160.69,345530,157.64,161.1,157.4
9/9/2016,158.49,252247,161.2,162.18,158.4
9/8/2016,162.26,264829,162,162.77,161.63
9/7/2016,162.53,262558,161.89,162.87,161.24
9/6/2016,162.27,245752,162.23,162.78,160.91
9/2/2016,161.38,200919,160.4,161.639,159.92
9/1/2016,160.5,285530,159.21,160.91,158.02
8/31/2016,158.43,188700,158.34,158.91,157.27
8/30/2016,158.81,228572,159.41,159.41,156.78
8/29/2016,158.92,188691,158.56,159.45,157.53
8/26/2016,158.11,276688,159.96,160.49,157.41
8/25/2016,160.16,202826,159.43,160.72,159.38
8/24/2016,159.76,191159,160.88,160.88,159.12
8/23/2016,160.66,378984,159.6,160.71,158.32
8/22/2016,158.19,186831,157.63,158.24,156.89
8/19/2016,157.57,211225,156,157.91,155.45
8/18/2016,156.52,290571,154.35,156.83,154.09
8/17/2016,154.1,302074,154.84,154.99,153.31
8/16/2016,154.48,313646,157.16,157.79,154.11
8/15/2016,156.97,232840,155.77,157.17,155.515
8/12/2016,156.27,295961,156.52,156.87,155.09
8/11/2016,156.6,405339,157.81,158.881,155.87
8/10/2016,157.6,808308,152.11,157.71,151.02
8/9/2016,152.11,828793,156.19,156.21,151.96
8/8/2016,155.46,2340941,148.31,157.95,148.31
8/5/2016,143.97,171727,144.88,144.894,143.59
8/4/2016,143.88,244180,142.92,144.58,142.92
8/3/2016,142.6,231402,143.31,143.43,142.05
8/2/2016,143.5,302735,143.23,143.65,142.04
8/1/2016,143.2,172168,142.91,143.8,142.195
7/29/2016,143.07,234702,143.11,144.0099,142.13
7/28/2016,143.37,355593,141.54,143.62,141.23
7/27/2016,141.77,290607,143.64,143.64,140.735
7/26/2016,142.8,269498,144.66,144.92,142.5
7/25/2016,144.32,581523,144.67,145.07,144.04
7/22/2016,144.53,330393,144.03,144.9,143.45
7/21/2016,143.54,140480,144.56,144.7458,142.88
7/20/2016,144.31,338503,144.41,144.79,143.8
7/19/2016,143.93,239632,143.96,144.59,143.59
7/18/2016,143.57,261726,144.11,144.71,143.21
7/15/2016,143.94,264938,144.15,144.64,143.3
7/14/2016,143.58,280082,144.72,145.0799,143.54
7/13/2016,143.79,368434,144.55,144.96,143.66
7/12/2016,144.8,409651,143.5,145.38,143.38
7/11/2016,142.65,356219,140.33,143.54,140.33
7/8/2016,140.23,209326,140.16,140.78,139.77
7/7/2016,139.6,245395,138.89,139.82,138.81
7/6/2016,138.7,525632,138.14,139.27,137.53
7/5/2016,138.33,290969,138.54,139,137.38
7/1/2016,138.72,264943,138.41,139.83,138.35
6/30/2016,138.23,548564,136.44,138.69,136.37
6/29/2016,135.78,268694,135.53,137.02,135.53
6/28/2016,134.34,428532,135.02,135.28,132.65
6/27/2016,133.7,528002,133.96,136.16,133.03
6/24/2016,135.43,3204516,136.31,140.38,134.71
6/23/2016,140.86,395635,139.69,140.86,139
6/22/2016,138.47,466008,137.05,139.55,136.9
6/21/2016,136.92,433268,137.88,137.88,135.692
6/20/2016,137.31,442381,138.17,138.17,136.23
6/17/2016,136.1,373684,138.16,138.16,135.32
6/16/2016,137.79,189537,136.86,138.01,136.68
6/15/2016,138.07,326485,138.05,139.62,137.96
6/14/2016,137.96,407816,138.88,139.28,137.48
6/13/2016,139.38,419777,141.97,142.61,139.12
6/10/2016,142.52,569383,139.35,143.09,139.06
6/9/2016,139.2,735487,137.8,140.34,133.05
6/8/2016,135.24,446058,135.34,135.65,134.12
6/7/2016,135.43,365692,133.94,135.83,133.63
6/6/2016,133.34,193928,133.81,134.24,132.31
6/3/2016,134.02,425678,133.6,134.8,131.46
6/2/2016,133.68,263774,130.98,133.71,130.98
6/1/2016,131.45,184893,131.08,132.79,130.83
5/31/2016,131.25,155366,130.76,131.54,129.745
5/27/2016,130.42,94329,129.28,130.68,129.28
5/26/2016,129.31,155162,129.57,129.63,128.8
5/25/2016,129.21,154052,128.96,129.55,128.55
5/24/2016,129.03,151910,127.71,129.25,127.54
5/23/2016,126.94,150101,126.43,127.75,125.625
5/20/2016,126.32,162875,125.54,126.94,124.62
5/19/2016,125.4,165229,125.55,126.29,124.22
5/18/2016,125.98,211885,125.31,126.51,124
5/17/2016,125.74,278720,127.96,128.08,125.23
5/16/2016,128.28,165692,127.52,128.49,126.91
5/13/2016,127.6,168784,128.57,129.22,127.03
5/12/2016,128.82,157763,128.42,129.14,127.16
5/11/2016,127.77,242674,131.81,131.81,127.66
5/10/2016,132.32,233138,130.77,132.545,130.26
5/9/2016,130.05,210616,130.5,131.42,129.63
5/6/2016,130.52,150054,128.42,130.68,127.68
5/5/2016,129.07,150934,129.22,129.3399,128
5/4/2016,129.39,223449,129.17,129.98,128.76
5/3/2016,129.83,243617,129.9,131.02,129.3
5/2/2016,130.76,191775,130.49,131.2,129.89
4/29/2016,129.64,179632,128.9,130.11,128.53
4/28/2016,129.38,199441,130.24,130.41,129
4/27/2016,130.78,194403,130.57,130.99,129.67
4/26/2016,130.97,174329,130.64,131.85,130.03
4/25/2016,130.58,178663,130.03,131.095,129.42
4/22/2016,130.57,230617,131.46,132.1,129.64
4/21/2016,131.87,272727,130.65,132.02,130.2788
4/20/2016,131.05,320436,132.79,133.4,131.01
4/19/2016,133.01,249670,132.89,133.45,132
4/18/2016,132.73,281474,132.08,133.29,131.52
4/15/2016,132.41,201799,132.04,132.99,130.56
4/14/2016,131.97,214560,132.6,132.73,129.88
4/13/2016,131.38,229212,129.81,131.7897,129.05
4/12/2016,129.37,258601,128.03,129.97,128.03
4/11/2016,128.05,217540,129.29,129.84,128.02
4/8/2016,128.52,227518,128.97,129.03,127.72
4/7/2016,128.24,313183,129.22,130.14,127.55
4/6/2016,128.72,403815,127.56,129.15,126.57
4/5/2016,127.56,298312,129.54,130.05,127.35
4/4/2016,130.13,282928,132.34,132.36,129.03
4/1/2016,132.31,300376,132.95,133.69,131.59
3/31/2016,133.7,348933,131.73,133.97,131.13
3/30/2016,131.67,215028,132.21,132.238,130.3887
3/29/2016,131.8,290278,128.33,132.06,128.075
3/28/2016,128.67,259782,127.09,128.84,126.62
3/24/2016,126.59,207548,125.59,126.64,125.025
3/23/2016,126.59,271228,127.59,128.1628,126.51
3/22/2016,127.64,228759,127.03,128.28,126.72
3/21/2016,127.85,252563,127.61,129.16,126.02
3/18/2016,127.28,841782,128.75,129.84,127.06
3/17/2016,127.98,528921,130.08,130.26,127.75
3/16/2016,129.96,243888,130.2,130.773,129.355
3/15/2016,130.65,266115,131.14,131.67,130.52
3/14/2016,131.7,241361,130.76,132.4854,130.635
3/11/2016,131.09,450587,129,132.19,128.4
3/10/2016,127.6,1034325,135.08,135.98,124.47
3/9/2016,132.91,536514,131.77,133.83,131.42
3/8/2016,131.42,347389,131.07,133.74,130
3/7/2016,130.57,274674,128.8,130.72,127.89
3/4/2016,129.88,353513,128.98,129.9,127.65
3/3/2016,128.48,324699,128.81,129.36,128.02
3/2/2016,129.08,210980,129.9,129.9,128.09
3/1/2016,129.85,219946,128.53,129.9,127.47
2/29/2016,127.41,421657,126.87,127.81,125.95
2/26/2016,126.76,208397,129.87,129.97,126.69
2/25/2016,129.37,157561,128.08,129.46,127.25
2/24/2016,127.66,218943,125.37,127.86,123.82
2/23/2016,126.62,197791,126.31,127.25,125.6601
2/22/2016,126.7,218879,128.92,129.4999,126.34
2/19/2016,127.73,215424,124.58,128.28,124.58
2/18/2016,124.66,201818,125.04,126.88,123.56
2/17/2016,125.21,296103,124.75,125.97,123.4101
2/16/2016,123.93,217982,121.85,125,120.9911
2/12/2016,120.24,215139,118.52,120.55,117.34
2/11/2016,117.19,240721,116.09,117.89,115.5
2/10/2016,117.91,190815,117.2,119.88,116.5
2/9/2016,116.39,235751,115.54,118.34,115.39
2/8/2016,117,355224,115.43,117.56,114.865
2/5/2016,116.8,271776,119.06,119.06,115.39
2/4/2016,119.85,223797,119.78,120.355,118.02
2/3/2016,119.76,216639,123.16,123.475,117.86
2/2/2016,121.94,168494,123.49,124.235,121.15
2/1/2016,124.52,196065,123.82,125.32,123.38
1/29/2016,125,295161,120.32,125,119.13
1/28/2016,119.99,194429,122.32,122.615,118.93
1/27/2016,120.99,203064,124.43,124.76,120.59
1/26/2016,124.62,237022,123.54,125.71,122.82
1/25/2016,123.18,168828,124.49,125.18,122.74
1/22/2016,124.56,285004,124.75,124.95,122.925
1/21/2016,123.3,343868,121.27,124.78,120.02
1/20/2016,121.3,339490,121.06,122.54,117.02
1/19/2016,121.95,421033,120.44,123.03,119.6268
1/15/2016,118.93,331564,119.23,120.76,116.43
1/14/2016,121.77,632589,119.1,123.68,118.85
1/13/2016,117.1,287726,122.16,122.325,116.454
1/12/2016,121.77,343769,124.18,125.19,120.77
1/11/2016,123.49,388025,120.76,123.7978,120.76
1/8/2016,120.59,230863,122.27,123.64,120.33
1/7/2016,122,230276,123.6,124.935,121.74
1/6/2016,125.95,272911,124.41,127.04,124.2301
1/5/2016,125.93,271491,124.65,126.14,124
1/4/2016,124.15,352166,126.67,126.67,123.205
12/31/2015,127.99,153123,130.09,130.26,127.99
12/30/2015,130.25,169017,130.46,131.85,130.02
12/29/2015,130.31,233414,128.43,131.16,128.43
12/28/2015,128.14,116632,127.24,128.48,126.58
12/24/2015,127.98,73820,129.2,130.51,127.69
12/23/2015,129.02,539092,125.16,130.71,125.16
12/22/2015,125.21,330935,125.15,125.9111,124.48
12/21/2015,125.06,476617,125.5,125.99,124.495
12/18/2015,124.89,696755,127.17,128.12,124.72
12/17/2015,128.03,317317,133.05,133.59,127.92
12/16/2015,132.98,334457,130.64,133.43,130.22
12/15/2015,129.74,364884,127.61,130.42,126.5
12/14/2015,126.96,361632,127.5,128.661,126.44
12/11/2015,127.67,346852,127.07,128.73,126.9543
12/10/2015,128.44,282975,127.76,128.45,126.84
12/9/2015,127.35,351873,127.66,129.79,126.85
12/8/2015,128.24,371133,125.54,128.555,124.59
12/7/2015,125.58,557002,125.52,129.49,124.31
12/4/2015,122,398211,123.33,124.915,121.47
12/3/2015,122.72,591705,123.92,125.03,122.23
12/2/2015,123.56,456894,119.43,123.94,118.29
12/1/2015,119.18,422204,121,121.45,118.3001
11/30/2015,120.6,292413,121.78,121.9,119.02
11/27/2015,120.92,97430,120.39,121.45,120.28
11/25/2015,120.61,153093,118.27,120.78,118.26
11/24/2015,118.15,218129,118.05,118.36,116.21
11/23/2015,118.66,132086,116.99,119.13,115.9759
11/20/2015,117,242231,116,117.13,115.57
11/19/2015,115.24,176276,115.51,115.985,114.87
11/18/2015,115.25,206919,115.22,116.21,114.24
11/17/2015,115.26,180870,115.68,116.42,114.86
11/16/2015,114.9,211053,114.55,115.13,112.75
11/13/2015,114.91,229592,114.18,115.47,113.6
11/12/2015,114.18,173757,115.37,115.505,113.95
11/11/2015,115.67,137501,116.69,117.73,115.2
11/10/2015,116.25,235766,114.54,116.41,114.25
11/9/2015,114.5,100564,115.59,115.59,114.066
11/6/2015,116.14,90755,115.89,116.7727,115.15
11/5/2015,116.08,102677,115.79,116.31,114.24
11/4/2015,115.98,180588,115.74,117.12,115.21
11/3/2015,114.75,126950,115.01,115.7043,113.9
11/2/2015,115.3,111301,114.43,115.78,113.46
10/30/2015,114.17,132075,114.89,115.48,113.87
10/29/2015,115.14,158049,115.1,116.52,114
10/28/2015,115.55,188703,113.52,115.6,112.67
10/27/2015,113.14,297161,113.61,114.11,112.41
10/26/2015,113.82,197476,111.8,113.98,111.54
10/23/2015,111.8,147619,111.15,111.925,110.38
10/22/2015,110.32,153263,109.78,110.57,109.25
10/21/2015,109.19,263964,109.68,109.975,107.985
10/20/2015,109.54,167635,109.41,109.87,108.72
10/19/2015,109.24,173346,108.54,109.66,108.27
10/16/2015,108.89,228580,108.94,109.42,107.79
10/15/2015,108.98,303068,108.48,109.24,106.7
10/14/2015,107.95,189170,109.19,109.4,107.54
10/13/2015,109.06,233605,108.76,110.48,108.09
10/12/2015,109.38,182798,106.92,109.59,106.6
10/9/2015,107.77,187235,106.78,108.01,106.55
10/8/2015,106.44,228553,104.17,106.6,103.95
10/7/2015,104.23,275762,104.24,104.87,103.18
10/6/2015,104.31,189447,105.71,106.2899,103.58
10/5/2015,105.87,189135,105.12,106.14,104.8
10/2/2015,104.63,259991,103.64,104.63,102.65
10/1/2015,104.24,514337,104.87,105.44,103.29
9/30/2015,104.68,648347,101.97,104.94,101.64
9/29/2015,101.26,563080,103.9,104.61,100.5
9/28/2015,103.05,629382,107.92,109.69,103
9/25/2015,107.42,368029,106.23,109.49,106.13
9/24/2015,105.46,178554,105.5,106.1,104.41
9/23/2015,105.97,172227,106.13,106.35,105.27
9/22/2015,105.76,196590,107.34,107.54,105.5
9/21/2015,108.13,328004,106.89,108.55,106.27
9/18/2015,106,229094,106.44,107.41,105.67
9/17/2015,107.64,276177,107.73,108.4975,107.15
9/16/2015,107.7,210040,106.97,107.97,106.61
9/15/2015,106.64,267757,107.85,107.85,105.985
9/14/2015,107.58,136646,108.7,109.16,107.5
9/11/2015,108.33,168032,106.7,108.75,106.7
9/10/2015,107.25,85253,106.35,107.76,105.3501
9/9/2015,106.97,135782,108.9,110.14,106.69
9/8/2015,107.77,154110,107.26,108,106.22
9/4/2015,105.84,89987,105.28,106.6,105.28
9/3/2015,106.36,170036,106.29,108.26,106.04
9/2/2015,106.32,200120,105.08,106.52,104.595
9/1/2015,104.5,366690,106.63,107.34,103.83
8/31/2015,107.91,152799,107.58,108.82,107.11
8/28/2015,108.71,173230,107.41,109.04,107.25
8/27/2015,107.78,220504,107.57,108.4,106.65
8/26/2015,107.07,276434,106.51,107.69,104.72
8/25/2015,104.67,320375,108,108.26,104.395
8/24/2015,105.11,268740,105.93,110,103.94
8/21/2015,108.42,351535,107.26,110.17,107.26
8/20/2015,109.28,179784,109.6,110.18,108.86
8/19/2015,110.11,116366,109.67,111,109.07
8/18/2015,110.05,86593,110.81,111.25,109.47
8/17/2015,110.84,98139,108.69,111.13,108.04
8/14/2015,109.16,119648,108.12,109.2799,107.32
8/13/2015,108.19,75194,107.88,109.42,106.92
8/12/2015,107.88,186613,109.6,110,106.915
8/11/2015,110.52,129068,109.53,111.03,109.25
8/10/2015,110.1,103274,109.8,110.42,109.38
8/7/2015,109.36,107184,109.5,109.61,108.21
8/6/2015,109.32,155405,110.18,110.225,108.53
8/5/2015,109.92,136395,109.1,110.47,108.845
8/4/2015,109.04,88556,108.63,109.39,108.2
8/3/2015,108.47,110589,109.67,110.68,107.83
7/31/2015,109.69,129425,108.19,110.055,108
7/30/2015,107.92,174830,107.17,108.22,106.29
7/29/2015,107.19,147191,107.44,108.08,106.8
7/28/2015,107.42,225941,108.09,108.13,106.49
7/27/2015,107.32,158425,108.23,108.8217,106.98
7/24/2015,108.34,149816,109.53,109.95,108.26
7/23/2015,109.92,159917,110.59,111.83,109.43
7/22/2015,110.06,130177,109.02,110.08,108.88
7/21/2015,109.07,121288,109.99,110.455,109.03
7/20/2015,109.95,98237,109.97,110.76,109.49
7/17/2015,109.72,125029,111.7,112.3399,109.56
7/16/2015,111.48,183605,111.04,112.13,110.43
7/15/2015,110.48,164881,111.38,112.1,110.44
7/14/2015,111.3,145608,111.08,111.8,110.36
7/13/2015,110.9,162446,110.74,111.52,109.78
7/10/2015,109.78,224619,109.62,110.27,108.13
7/9/2015,108.72,215613,110.18,110.7,108.7
7/8/2015,109.23,159383,108.86,110.2,108.1775
7/7/2015,109.88,195281,110.43,110.43,108.69
7/6/2015,110.11,215568,108.49,110.26,107.54
7/2/2015,109.23,140289,111,111,109
7/1/2015,110.78,284762,109.99,111.27,109.62
6/30/2015,109.2,272238,108.34,109.57,107.78
6/29/2015,107.73,328428,108.5,109.6,107.12
6/26/2015,109.3,369714,109.22,110.43,108.715
6/25/2015,109.03,165011,108.81,109.35,108.365
6/24/2015,108.58,255062,109.2,109.3,108.11
6/23/2015,109.29,241288,109.43,109.87,108.05
6/22/2015,109.61,256375,108.99,110.24,108.19
6/19/2015,108.34,367062,108,109,107.09
6/18/2015,107.59,212130,105.93,107.86,105.93
6/17/2015,105.59,158888,105.62,106,104.38
6/16/2015,105.35,116412,105.43,106.37,105.09
6/15/2015,105.79,217887,105.49,106.16,105.02
6/12/2015,105.89,150752,105.62,106.83,105.4
6/11/2015,105.87,151056,105.05,106.16,104.95
6/10/2015,105.01,165125,103.79,105.26,103.148
6/9/2015,103.23,354825,106.24,106.24,102.54
6/8/2015,106.31,399460,103.11,106.9,102.6145
6/5/2015,106.31,197629,105.42,106.34,104.39
6/4/2015,104.99,100355,105.07,106.09,104.535
6/3/2015,105.52,155763,105.64,106.06,105.2
6/2/2015,105.42,371564,104.62,105.82,103.55
6/1/2015,104.57,128731,104.59,104.8,103.06
5/29/2015,103.74,156851,104.16,104.36,103.04
5/28/2015,104.61,182844,105,105.01,103.24
5/27/2015,105.5,101960,104,106.02,103.44
5/26/2015,104.01,149213,105.52,105.52,103.05
5/22/2015,105.56,177987,105.47,106.5,104.76
5/21/2015,105.51,179545,104.89,106.17,104.18
5/20/2015,104.69,142355,105,105.42,104.02
5/19/2015,105,199560,105.14,105.76,104.16
5/18/2015,105,396867,103.48,105.14,102.8
5/15/2015,103.31,447330,103.66,105.06,103.17
5/14/2015,103.37,320346,102.11,104.22,101.38
5/13/2015,101.55,182509,101.43,102.12,100.88
5/12/2015,101.27,103302,100.56,101.41,99.52
5/11/2015,101.2,108612,101.32,102.16,101.05
5/8/2015,101.31,266509,101.82,101.82,100.601
5/7/2015,100.89,108830,100.2,101.26,100.2
5/6/2015,100.09,284478,100.31,100.61,99.59
5/5/2015,100.21,280758,100.03,100.29,98.45
5/4/2015,99.01,160132,99.67,100.88,99
5/1/2015,99.83,151831,99.28,100.66,99.12
4/30/2015,99.21,386236,99.24,100.74,99.07
4/29/2015,99.25,239573,101.51,101.7,99.03
4/28/2015,101.74,247147,101.73,102.384,100.77
4/27/2015,101.84,205474,104.02,104.83,101.59
4/24/2015,104.05,218705,105.7,105.708,103.45
4/23/2015,105.33,157319,104.85,105.84,104.3433
4/22/2015,104.71,145654,105.1,105.36,104.032
4/21/2015,104.53,161864,104.49,105.04,103.97
4/20/2015,104.2,245524,103.46,104.425,103.01
4/17/2015,103.08,218475,103.67,104.25,102.72
4/16/2015,104.35,152360,104.83,105.185,103.89
4/15/2015,105.1,249166,105.1,105.67,103.88
4/14/2015,104.64,285968,104.81,105.48,103.75
4/13/2015,105.02,197378,106.4,106.4,105
4/10/2015,106.1,147741,107.27,107.27,105.8
4/9/2015,106.66,279078,107.68,108.29,105.31
4/8/2015,107.67,270655,105.88,107.7475,105.38
4/7/2015,105.66,237537,104.96,105.81,104.33
4/6/2015,104.54,199506,103.91,105.57,103.6756
4/2/2015,104.35,311860,103.08,104.61,102.57
4/1/2015,102.43,358506,103.62,103.9,101.63
3/31/2015,103.42,428088,100.51,104.11,100.19
3/30/2015,100.45,273516,100.17,100.94,99.53
3/27/2015,99.81,348002,98.67,101.53,98.67
3/26/2015,98.95,276773,99.6,99.6,97.99
3/25/2015,99.59,242835,100.3,101.05,99.14
3/24/2015,100.32,221719,99.37,101.17,99.26
3/23/2015,99.57,279906,98.78,100.26,98.12
3/20/2015,98.95,390277,99.63,100.51,98.52
3/19/2015,99,299901,99.79,100.454,98.6
3/18/2015,99.79,403793,100.2,100.6,98.46
3/17/2015,100.52,444713,100.44,101.5,99.57
3/16/2015,100.5,595176,97.43,100.68,97.4
3/13/2015,96.85,532623,93.87,96.94,93.75
3/12/2015,93.27,1017553,89.95,94.49,88.51
3/11/2015,85.01,285602,85.77,86.21,84.555
3/10/2015,85.81,130510,86.1,86.3,85.34
3/9/2015,86.79,98379,85.85,87.11,85.85
3/6/2015,85.94,120036,86.62,86.85,85.77
3/5/2015,87.26,101567,87.07,87.57,86.36
3/4/2015,87.03,91721,86.55,87.27,86.36
3/3/2015,86.97,193990,87.95,87.95,86.31
3/2/2015,88.31,143420,87.69,89.27,87.62
2/27/2015,87.81,194606,87.12,87.97,86.84
2/26/2015,87.25,242314,85.63,87.84,85.48
2/25/2015,85.87,96026,86.33,86.55,85.591
2/24/2015,86.31,113349,85.76,86.36,85.405
2/23/2015,85.7,99567,85.69,86.3,85.24
2/20/2015,85.9,231294,85.35,86.07,85.04
2/19/2015,85.72,209865,86.05,87.3,85.5
2/18/2015,86.26,199314,85.3,86.67,85.04
2/17/2015,85.41,190898,86,86.28,85.1615
2/13/2015,85.85,176419,86.59,87.33,85.79
2/12/2015,86.67,135158,86.73,87.12,86.25
2/11/2015,86.26,175880,85.85,86.95,85.59
2/10/2015,85.97,325322,85.18,86.41,84.77
2/9/2015,84.6,241972,86.72,87.1,84.55
2/6/2015,87.11,314460,86.77,88.16,86.37
2/5/2015,86.52,313152,87.97,88.31,85.53
2/4/2015,87.58,378436,87.48,88.7,87.03
2/3/2015,87.85,222544,88.23,88.23,87.59
2/2/2015,87.72,149070,87.68,88.7,86.16
1/30/2015,87.76,211116,89.23,89.65,87.5
1/29/2015,89.96,192224,90.02,90.09,89.01
1/28/2015,90.02,220571,91.22,91.23,89.5
1/27/2015,90.69,121383,89.59,91.3,89.545
1/26/2015,90.76,156770,90.35,91.24,90
1/23/2015,90.45,204364,90.26,90.905,89.64
1/22/2015,90.22,175656,89.16,90.66,88.42
1/21/2015,88.42,118913,88.65,89.67,88.1
1/20/2015,88.84,120040,89.86,89.94,88.03
1/16/2015,89.92,135529,88.36,90.03,87.82
1/15/2015,88.77,180904,90.92,91.58,88.73
1/14/2015,90.79,259446,91.25,92.3799,89.85
1/13/2015,91.97,593346,91.74,93.45,91.03
1/12/2015,90.5,406439,89.49,91.52,88.69
1/9/2015,89.38,156388,90.22,90.5,88.48
1/8/2015,90.23,155017,89.9,91.11,89.422
1/7/2015,89.08,230789,88.64,89.16,87.74
1/6/2015,88.2,280876,90.02,90.4,87.25
1/5/2015,90.04,241770,90.1,90.68,89.51
1/2/2015,90.45,185519,91.78,93.34,89.982
12/31/2014,91.13,169492,90.47,91.32,90.42
12/30/2014,90.43,114260,90.96,91.16,89.876
12/29/2014,91.14,122780,90.33,91.2,89.81
12/26/2014,90.18,56860,90.49,90.78,89.79
12/24/2014,90.06,102206,89.82,91.04,89.47
12/23/2014,90.34,153150,90.19,90.6599,89.46
12/22/2014,89.92,146035,90,90.4865,89.2
12/19/2014,89.88,301790,90.31,90.31,89.02
12/18/2014,90.46,299136,92.14,92.14,89.54
12/17/2014,91.36,203453,89.63,91.51,88.86
12/16/2014,89.43,373579,90.1,90.9,89.39
12/15/2014,90.21,286653,89.98,90.97,89.8
12/12/2014,89.17,253852,87.33,89.49,86.71
12/11/2014,88.11,256926,89.12,89.95,87.75
12/10/2014,88.45,251449,90.49,90.49,87.815
12/9/2014,90.57,362849,88.53,90.57,88.02
12/8/2014,89.18,467111,91.01,94.16,86.98
12/5/2014,91.43,353970,89.59,91.61,89.59
12/4/2014,89.93,221638,89.3,90.36,88.23
12/3/2014,89,255778,89.21,89.35,88.2
12/2/2014,89.11,233479,87.42,89.19,87.283
12/1/2014,86.94,175715,87.73,88.57,86.82
11/28/2014,87.64,84470,87.69,89.34,87.51
11/26/2014,87.34,144337,85.46,87.56,85.35
11/25/2014,85.6,207703,84.95,85.96,84.935
11/24/2014,84.72,295583,85.53,86,84.5
11/21/2014,85.15,263883,86.05,86.2,85.07
11/20/2014,84.89,102622,84.68,85.37,83.72
11/19/2014,85.11,86816,85.42,85.757,85
11/18/2014,85.49,78103,86.01,86.23,85.29
11/17/2014,85.8,109601,87.24,87.4,85.76
11/14/2014,87.14,111353,87.53,88.2,87.12
11/13/2014,87.74,128652,87.49,88.8099,87.06
11/12/2014,87.28,107673,86.9,87.56,86.45
11/11/2014,87.2,95871,87.1,87.77,86.855
11/10/2014,87.16,127811,86.87,87.35,86.215
11/7/2014,86.63,111256,86.86,87.31,86.34
11/6/2014,87.05,176984,86.45,87.17,86.39
11/5/2014,86.27,194884,86.57,87.254,85.81
11/4/2014,86.17,141991,86.59,87.298,85.24
11/3/2014,86.67,190416,86.37,87.5,86.17
10/31/2014,86.36,241997,87.71,88.08,86.14
10/30/2014,86.21,181928,85.44,86.32,84.99
10/29/2014,85.9,221382,86.71,87.23,85.53
10/28/2014,86.55,368444,84.51,86.87,84.5
10/27/2014,84.44,127723,83.78,84.5,83.03
10/24/2014,84,184672,84.12,84.18,82.99
10/23/2014,83.89,267556,83.64,84,83.41
10/22/2014,82.84,141011,83.47,83.8599,82.764
10/21/2014,83.43,296516,82.56,83.6875,82.19
10/20/2014,82.26,231781,82.25,83.16,81.78
10/17/2014,82.57,266179,83.84,84.19,82.33
10/16/2014,82.75,446286,80.46,83.51,80.46
10/15/2014,82.13,350468,82.03,82.84,80.01
10/14/2014,83.12,356126,83.07,84.43,82.94
10/13/2014,82.37,279154,82.3,83.77,81.6
10/10/2014,81.91,185862,82.25,83.765,81.75
10/9/2014,82.73,181856,84.78,85.21,82.67
10/8/2014,85.16,229966,82.71,85.44,82.63
10/7/2014,82.6,219456,84.51,85.39,82.54
10/6/2014,85.29,124664,86.24,86.5399,85.03
10/3/2014,86.09,215280,85.11,86.21,84.502
10/2/2014,84.56,227935,85.07,85.65,83.25
10/1/2014,85.23,246885,86.55,86.988,84.831
9/30/2014,86.76,375808,85.44,87.38,85.04
9/29/2014,85.66,159074,85.01,85.83,84.83
9/26/2014,85.69,238967,85.9,86.1,85.65
9/25/2014,85.97,322956,86.41,87.28,85.89
9/24/2014,86.04,420656,87.63,89.01,84.24
9/23/2014,87.18,427871,88.09,88.09,86.87
9/22/2014,87.86,186619,88.07,88.71,87.7205
9/19/2014,88.33,256612,89.51,89.99,88.27
9/18/2014,89.36,237269,88.9,89.975,88.41
9/17/2014,88.43,186526,88.15,88.91,87.86
9/16/2014,88.14,229988,87.46,88.3,86.62
9/15/2014,87.41,249037,87.4,87.8533,86.78
9/12/2014,87.53,719260,86.25,89.45,86.13
9/11/2014,85.75,1114511,76.28,86,75.957
9/10/2014,76.77,119602,77.05,77.4,76.33
9/9/2014,76.89,122490,77.38,77.68,76.79
9/8/2014,77.52,238117,79.05,79.45,77.35
9/5/2014,79.31,56404,79.2,79.45,78.5544
9/4/2014,79.56,79665,79.75,80.18,79.09
9/3/2014,79.45,130155,79.2,79.7,78.99
9/2/2014,78.7,168486,79.59,79.59,78.38
8/29/2014,79.49,106987,78.74,79.83,78.028
8/28/2014,78.78,132525,77.99,79.96,77.76
8/27/2014,78.47,171768,77.94,79.108,77.28
8/26/2014,78.16,95464,76.93,78.24,76.71
8/25/2014,76.86,89766,76.5,76.95,75.78
8/22/2014,76.24,54222,75.79,76.75,75.79
8/21/2014,76.28,72318,76.57,76.86,76.04
8/20/2014,76.76,76127,77.26,78,76.51
8/19/2014,77.72,50128,77.76,77.98,77.29
8/18/2014,77.45,130130,77.47,77.79,76.72
8/15/2014,76.82,136178,76.92,77.02,75.76
8/14/2014,76.15,65510,76.01,76.16,75.33
8/13/2014,75.74,113451,76.59,76.59,75.61
8/12/2014,76.27,64153,75.77,76.6,75.77
8/11/2014,75.85,74085,75.99,76.75,75.71
8/8/2014,75.49,63716,74.23,75.55,74.14
8/7/2014,74.23,69292,74.83,75.01,73.96
8/6/2014,74.77,96119,73.97,74.93,73.935
8/5/2014,74.45,98789,74.75,74.916,73.95
8/4/2014,74.92,117019,75.3,75.3,74.44
8/1/2014,75,109305,75.37,75.8,74.85
7/31/2014,75.5,173631,76.03,76.42,75.32
7/30/2014,76.8,97073,76.48,76.82,76.11
7/29/2014,76.09,74653,76.47,76.93,75.9
7/28/2014,76.39,112159,76.08,76.44,75.5
7/25/2014,76.02,107245,76.54,76.77,75.68
7/24/2014,77.11,239498,78.25,78.4299,76.94
7/23/2014,77.96,84425,78.6,78.67,77.908
7/22/2014,78.5,111483,77.77,78.94,77.57
7/21/2014,77.58,89221,77.21,77.86,76.56
7/18/2014,77.59,173672,76.66,77.94,76.54
7/17/2014,76.79,146594,77.52,78.05,76.58
7/16/2014,78.11,116988,79.02,79.23,78
7/15/2014,78.61,215337,78.8,79.1,78.37
7/14/2014,78.79,121331,78.96,79.24,78.53
7/11/2014,78.31,87793,77.47,78.41,77.134
7/10/2014,77.55,97979,77.07,77.98,76.51
7/9/2014,78.12,104463,78.02,78.52,77.99
7/8/2014,77.74,161687,78.32,78.32,77.38
7/7/2014,78.54,193436,78.66,79.47,78.54
7/3/2014,78.78,54954,78.54,78.875,78.09
7/2/2014,78.23,159701,77.96,78.54,77.48
7/1/2014,78.21,168577,77.25,79.2,77.25
6/30/2014,77.18,162945,77.1,77.6,76.52
6/27/2014,77.1,247092,76.26,77.37,76.2101
6/26/2014,76.74,107215,76.96,77.11,76.32
6/25/2014,77.11,186086,76.34,77.16,76.34
6/24/2014,76.79,166361,76.23,77.32,76.23
6/23/2014,76.36,187995,76,76.55,75.261
6/20/2014,75.56,221462,76.57,76.57,75.49
6/19/2014,76.2,177521,75.42,76.52,74.92
6/18/2014,75.8,125013,75.03,75.85,74.183
6/17/2014,75.09,162882,74.76,75.74,74.566
6/16/2014,74.93,125746,75.67,75.67,74.15
6/13/2014,75.54,122502,75.68,76.19,74.83
6/12/2014,75.21,157692,75.88,76.146,74.88
6/11/2014,75.99,167613,76.65,77.07,75.9
6/10/2014,77,146862,76.36,77.2,76.36
6/9/2014,76.52,257321,76.27,76.7,75.83
6/6/2014,76.22,740152,74.38,76.98,74.38
6/5/2014,72,165136,71.31,72.56,70.88
6/4/2014,71.19,107829,70.86,71.74,70.7
6/3/2014,71.04,161302,70.3,71.22,70.15
6/2/2014,70.78,272144,70.64,71.23,70
5/30/2014,69.69,152544,69.88,70,69.35
5/29/2014,69.66,101738,70.14,70.14,69.33
5/28/2014,69.62,135379,69.88,70,69.48
5/27/2014,70,153081,70.46,70.89,69.77
5/23/2014,70.14,166162,70.1,71,69.565
5/22/2014,69.77,544071,69.7,70.63,68.85
5/21/2014,69.5,484410,66.57,69.7,66.12
5/20/2014,66.37,204214,66.97,66.97,65.96
5/19/2014,67.02,132571,66.05,67.04,66
5/16/2014,66.28,90980,65.71,66.29,65.36
5/15/2014,65.87,133589,65.78,65.915,64.615
5/14/2014,66.04,192545,67.74,67.74,65.85
5/13/2014,67.78,146732,68.47,69.1,67.74
5/12/2014,68.7,161332,68.07,69.22,68.07
5/9/2014,67.93,187926,67.15,68.03,67.098
5/8/2014,67.33,175151,66.78,67.5,66.5
5/7/2014,67.14,169649,67.61,67.91,66.16
5/6/2014,67.49,251703,67.09,67.98,67.028
5/5/2014,67.34,167290,67.6,67.9,67
5/2/2014,68.06,310355,69.34,69.74,67.885
5/1/2014,69,219288,69.11,69.43,68.38
4/30/2014,69.23,215417,69.2,69.39,68.3
4/29/2014,69.25,173144,68.95,69.36,68.29
4/28/2014,68.54,330224,67.47,68.62,67.22
4/25/2014,67.39,182201,67.28,67.54,66.84
4/24/2014,67.51,240160,66.04,67.56,65.95
4/23/2014,65.55,164791,66.1,66.53,65.3601
4/22/2014,66.29,129829,65.16,66.37,65.16
4/21/2014,65.18,108328,65.58,65.765,64.94
4/17/2014,65.62,169143,65.3,65.9175,65.092
4/16/2014,65.4,192077,65.67,65.8893,65
4/15/2014,65.2,239818,65.64,65.71,64.47
4/14/2014,65.51,118734,65.61,66.2225,65
4/11/2014,64.9,126996,65,65.54,64.64
4/10/2014,65.53,188968,67.28,67.62,65.21
4/9/2014,67.35,89120,67.55,67.76,67.05
4/8/2014,67.31,190411,67.14,68.04,67.05
4/7/2014,67.16,301070,67.76,68.02,66.67
4/4/2014,67.99,174726,70.17,70.17,67.931
4/3/2014,69.61,140712,70.06,70.06,69.265
4/2/2014,70.02,118830,70.13,70.31,69.82
4/1/2014,70.09,198188,69.93,70.26,69.85
3/31/2014,69.7,157467,69.63,70.02,69.27
3/28/2014,69.33,260689,69.01,70.19,69
3/27/2014,69.45,259505,70.87,70.87,69.04
3/26/2014,70.95,349916,72.35,72.35,70.95
3/25/2014,71.9,278472,72.21,72.21,71.17
3/24/2014,71.96,242519,72.69,72.7625,71.57
3/21/2014,72.58,327781,72.7,72.98,72.27
3/20/2014,72.46,205009,71.5,72.67,71.03
3/19/2014,71.52,259095,71.64,71.985,70.83
3/18/2014,71.49,328648,70.52,71.52,70.22
3/17/2014,70.37,316339,69.84,70.92,69.84
3/14/2014,69.69,595072,69,70.17,68.66
3/13/2014,69.25,853594,70.22,70.4,68.47
3/12/2014,71.29,164798,70.94,71.56,70.62
3/11/2014,71.16,254309,71.17,71.7,70.55
3/10/2014,70.76,190058,71.19,71.66,70.49
3/7/2014,71.24,147278,71.83,72,71.19
3/6/2014,71.36,179012,71.22,71.92,71.22
3/5/2014,71,208755,69.79,71.27,69.77
3/4/2014,69.79,751049,70.04,70.6,69.78
3/3/2014,69.07,299746,69.99,69.99,68.8
2/28/2014,70.32,215197,70.78,70.92,70
2/27/2014,70.7,186810,71,71.255,70.36
2/26/2014,71.05,757389,72.06,72.5,71
2/25/2014,72,178672,72.3,73.08,71.8501
2/24/2014,72.14,189466,70.8,72.42,70.8
2/21/2014,70.55,191143,71.14,71.22,70.5
2/20/2014,70.85,107264,70.89,71.4299,70.74
2/19/2014,70.67,169779,70.74,71.398,70.58
2/18/2014,71.09,150897,71.21,71.73,70.56
2/14/2014,71.14,154438,70.33,71.29,70.06
2/13/2014,70.31,225701,68.75,70.338,68.75
2/12/2014,69.12,159484,69,69.776,69
2/11/2014,68.95,322156,69.07,69.27,68.59
2/10/2014,68.84,260676,69.6,69.969,68.44
2/7/2014,69.44,302894,68.45,69.53,68
2/6/2014,68.19,170754,68.28,69.12,68.17
2/5/2014,68.09,253485,69.42,69.42,67.87
2/4/2014,69.42,296740,68.65,69.79,68.36
2/3/2014,68.21,386501,68.13,68.5,67.38
1/31/2014,68.15,225413,67.6,69.14,67.2395
1/30/2014,68.83,318820,68.88,69.63,68.46
1/29/2014,68.61,296612,69.18,69.5,68.3025
1/28/2014,69.65,453298,69.16,69.86,68.79
1/27/2014,69.13,160601,70.79,70.834,69.04
1/24/2014,70.51,160796,71.17,71.698,70.344
1/23/2014,71.81,246816,72.37,72.44,71.32
1/22/2014,72.67,174994,72.8,73.1,72.31
1/21/2014,72.63,146189,72.35,72.7,71.54
1/17/2014,72.13,137436,73.31,73.78,72
1/16/2014,73.37,125364,72.9,73.65,72.5
1/15/2014,73.09,290744,72.15,73.6,71.86
1/14/2014,72.17,242258,71.5,72.36,71.5
1/13/2014,71.5,204734,71.92,71.96,71.1
1/10/2014,71.87,183075,72.62,73.13,71.13
1/9/2014,72.58,123203,72.88,72.88,71.914
1/8/2014,72.57,181795,73.88,73.88,72.13
1/7/2014,73.94,107111,74.44,75.09,73.52
1/6/2014,74.17,119887,75.01,75.04,74.09
1/3/2014,74.77,105551,74.98,75.31,74.26
1/2/2014,74.99,210020,75.17,75.4199,74.0736
12/31/2013,75.23,290190,75.16,76.01,74.46
12/30/2013,75.25,116698,74.52,75.26,74.065
12/27/2013,74.53,91122,75.69,75.69,74.02
12/26/2013,75.34,91937,75.46,75.59,75.02
12/24/2013,74.94,46023,75.09,75.69,74.82
12/23/2013,75.11,166144,75.34,75.99,74.42
12/20/2013,75.03,474161,74.47,75.17,74.33
12/19/2013,74.19,154783,75.4,75.98,74
12/18/2013,75.39,316256,74.04,75.54,73.805
12/17/2013,74.05,80150,74.41,74.41,73.37
12/16/2013,74.39,207210,74.3,74.978,73.93
12/13/2013,74.16,151946,73.87,74.767,73.15
12/12/2013,73.75,173678,73.83,74.03,73.29
12/11/2013,73.85,226548,73.46,74.148,73.2
12/10/2013,73.46,512512,75.62,75.62,72.385
12/9/2013,75.98,214793,74.89,76.11,74.499
12/6/2013,74.9,103273,75.77,75.94,74.46
12/5/2013,74.94,118239,73.61,74.99,73.42
12/4/2013,73.69,90779,73.6,74.08,71.88
12/3/2013,74.06,136169,74.09,74.72,73.264
12/2/2013,74.28,90741,75.78,76.2,74.09
11/29/2013,75.79,123927,76.09,76.9,75.63
11/27/2013,75.61,144040,75.65,75.77,74.83
11/26/2013,75.44,243516,75.01,75.73,74.85
11/25/2013,74.77,77286,75.16,75.64,74.57
11/22/2013,74.97,94841,75,75.3099,74.42
11/21/2013,74.84,142902,74.83,75.18,74.216
11/20/2013,74.36,167735,74.9,75.32,74.03
11/19/2013,74.71,418240,73.74,75.9,73.53
11/18/2013,72.33,143939,72.83,73.19,71.88
11/15/2013,72.71,147915,73.51,73.51,72.41
11/14/2013,73.59,222173,71.16,74.09,70.52
11/13/2013,71.08,74437,70.05,71.346,70.05
11/12/2013,70.49,84746,70.55,70.72,69.43
11/11/2013,70.6,41390,70.74,70.95,70.33
11/8/2013,70.78,86022,69.7,70.914,69.7
11/7/2013,69.79,104774,70.97,71.43,69.66
11/6/2013,70.8,59012,71.31,71.31,70.66
11/5/2013,70.82,102779,70.8,71.4,70.15
11/4/2013,71.28,112022,70.55,71.36,70.33
11/1/2013,70.46,132910,70.32,70.81,69.95
10/31/2013,70.45,124564,71.34,71.91,70.45
10/30/2013,71.39,114500,72.55,72.55,71.1225
10/29/2013,72.38,57986,72.49,73.11,71.95
10/28/2013,72.45,143217,72.83,72.87,71.84
10/25/2013,72.7,125370,72.17,72.75,71.6
10/24/2013,71.87,93786,70.8,72.04,70.8
10/23/2013,70.53,98591,70.67,71.144,70.18
10/22/2013,71.06,81774,70.45,71.37,70.45
10/21/2013,70.35,113387,71.01,71.24,69.82
10/18/2013,71.14,173692,70.58,71.28,69.88
10/17/2013,70,90445,68.82,70.12,68.81
10/16/2013,69.22,159075,69,69.5,68.77
10/15/2013,68.59,86024,68.85,68.94,68.145
10/14/2013,68.88,92501,68.05,68.99,68.0001
10/11/2013,68.51,117162,66.54,68.75,66.54
10/10/2013,66.92,114039,66.49,67.07,66.11
10/9/2013,65.61,161443,66.06,66.15,65.1
10/8/2013,66.05,138434,67.07,67.255,66
10/7/2013,67.17,154417,67.89,68.19,67.13
10/4/2013,68.6,82801,67.81,68.81,67.7
10/3/2013,67.99,194477,69.23,69.48,67.96
10/2/2013,69.56,188816,69.79,69.99,69.07
10/1/2013,70.08,305030,69.52,70.24,68.84
9/30/2013,69.38,204933,69.13,69.74,68.51
9/27/2013,69.59,224906,70.01,70.89,68.53
9/26/2013,68.98,165146,68.86,69.74,68.335
9/25/2013,68.58,134537,69.08,69.69,68.29
9/24/2013,69.07,167299,68.93,70.02,68.25
9/23/2013,68.79,152241,69.36,69.55,68.536
9/20/2013,69.16,224545,68.58,69.74,68.25
9/19/2013,68.88,177482,69.55,70.07,68.676
9/18/2013,69.5,151832,70,70,69.2
9/17/2013,69.98,150068,69.23,70.22,68.88
9/16/2013,69.23,83795,69.49,70.27,69.2
9/13/2013,68.99,69674,68.99,69.19,68.47
9/12/2013,68.59,191930,68.97,69.305,68.28
9/11/2013,69.09,115344,70.95,70.95,68.99
9/10/2013,70.39,67151,69.7,70.72,69.33
9/9/2013,69.31,99989,68.71,69.64,68.5
9/6/2013,68.41,87127,70.26,70.26,68.15
9/5/2013,69.81,108342,69.27,69.91,68.875
9/4/2013,69,141566,67.9,69.39,67.9
9/3/2013,67.98,115346,68.93,69.085,67.455
8/30/2013,68,106015,68.9,68.9,67.76
8/29/2013,69.09,64825,68.65,69.72,68.65
8/28/2013,68.82,107579,69.45,69.49,68.62
8/27/2013,69.47,141948,69.93,70.1,69.34
8/26/2013,70.64,206457,70.16,71.18,69.81
8/23/2013,70.08,89529,70.2,70.295,69.27
8/22/2013,70.2,63287,68.61,70.55,68.61
8/21/2013,68.38,75788,68.06,69.03,68.01
8/20/2013,68.32,76247,67.66,68.73,67.44
8/19/2013,67.57,80348,66.38,68.14,66.08
8/16/2013,66.47,89716,66.56,68.155,66.34
8/15/2013,66.9,124537,68.09,68.09,66.66
8/14/2013,68.95,258937,69.63,70.26,68.83
8/13/2013,69.64,169237,68.94,70.15,68.38
8/12/2013,68.86,120539,67.86,69.02,67.86
8/9/2013,68.38,65474,68.54,68.94,67.99
8/8/2013,68.79,47849,68.16,68.94,67.85
8/7/2013,67.76,61483,68.26,68.479,67.61
8/6/2013,68.62,184530,68.6,68.81,67.84
8/5/2013,68.64,191887,68.48,68.81,68.11
8/2/2013,68.34,72713,67.93,68.59,67.29
8/1/2013,67.94,146783,67.59,68.16,67.35
7/31/2013,66.98,200721,67.1,67.74,66.82
7/30/2013,66.98,73337,66.44,67.22,65.99
7/29/2013,65.93,97228,66,66.2835,65.468
7/26/2013,66.17,63327,65.77,66.35,65.03
7/25/2013,66.27,64694,65.41,66.5,65.41
7/24/2013,65.49,82886,66.38,66.4999,65.37
7/23/2013,66.04,117574,65.92,66.37,65.81
7/22/2013,65.94,110280,66,66.16,65.595
7/19/2013,65.83,111914,65.86,66.18,65.61
7/18/2013,65.94,80230,65.85,66.67,65.85
7/17/2013,65.76,202009,65.79,66.69,65.29
7/16/2013,65.58,90391,66.01,66.09,65.314
7/15/2013,66.04,68901,66.01,66.53,65.65
7/12/2013,66.03,100604,65.76,66.76,65.76
7/11/2013,65.8,82103,65.18,65.9,65.18
7/10/2013,64.84,77034,64.74,65.254,64.34
7/9/2013,64.61,98902,64.75,64.92,64.27
7/8/2013,64.37,70489,63.91,64.55,63.878
7/5/2013,63.65,96981,63.29,63.76,62.67
7/3/2013,62.6,72506,62.12,62.75,61.9764
7/2/2013,62.5,154085,62.41,62.77,61.95
7/1/2013,62.5,178212,61.96,62.97,61.625
6/28/2013,61.52,885247,61.44,62.24,60.65
6/27/2013,61.72,402514,61.27,61.99,60.93
6/26/2013,60.78,332337,61.5,61.5,60.7
6/25/2013,60.92,215195,60.73,61.7975,60.01
6/24/2013,60.33,195143,60.73,60.92,60.18
6/21/2013,61.3,960092,61.85,62.2799,60.49
6/20/2013,61.59,123240,63.1,63.18,61.07
6/19/2013,63.59,78906,64.24,64.73,63.57
6/18/2013,64.25,93965,63.3,64.31,63.3
6/17/2013,63.28,154681,63.97,64.21,63
6/14/2013,63.53,129258,64.03,64.35,63.17
6/13/2013,64.08,171704,63.49,64.37,63.23
6/12/2013,63.63,131344,64.4,64.4,63.31
6/11/2013,63.86,267728,63.65,64.64,62.95
6/10/2013,64.03,188303,63.9,64.63,63.63
6/7/2013,63.89,336208,60.01,64.66,59.9501
6/6/2013,62.16,408348,62.96,63.15,61.54
6/5/2013,62.97,221826,63.53,63.99,62.71
6/4/2013,63.68,127572,64.12,64.29,63.08
6/3/2013,64.09,206236,64.41,64.54,63.22
5/31/2013,64.05,285035,63.38,64.95,63.03
5/30/2013,62.89,239115,64.9,64.9,62.89
5/29/2013,64.99,91319,66.6,66.67,64.95
5/28/2013,66.91,94363,66.19,67.285,66.19
5/24/2013,65.56,74955,64.95,65.658,64.56
5/23/2013,65.33,145438,64.94,65.64,64.7401
5/22/2013,65.27,221143,66.02,66.47,64.8
5/21/2013,66,121025,66.11,66.34,65.88
5/20/2013,66.02,161398,66.5,66.9999,65.68
5/17/2013,66.42,242854,64.32,66.7975,64.27
5/16/2013,64.23,63945,64.53,64.75,64.04
5/15/2013,64.62,140153,64.93,64.96,64.18
5/14/2013,64.95,95877,64.02,64.99,64.01
5/13/2013,64.02,109965,63.84,64.27,63.501
5/10/2013,63.98,107067,63.46,64.09,63.181
5/9/2013,63.26,145659,63.07,63.62,62.82
5/8/2013,63.02,197128,61.91,63.04,61.62
5/7/2013,62.04,208789,62.11,62.26,61.65
5/6/2013,61.86,158220,61.65,62.04,61.38
5/3/2013,61.48,133104,61.12,61.89,60.84
5/2/2013,60.41,128187,60,61.07,59.7
5/1/2013,59.55,236192,60.01,60.16,59.17
4/30/2013,60.3,197399,60.13,61.019,60.07
4/29/2013,60.09,73226,60.43,60.65,59.92
4/26/2013,60.08,127074,60.35,60.54,59.65
4/25/2013,60.44,204849,60.39,61.27,60.25
4/24/2013,59.97,127672,60.72,60.81,59.735
4/23/2013,60.22,150929,60.26,60.92,59.48
4/22/2013,59.79,177625,59.86,60.09,59.105
4/19/2013,59.69,156317,59.15,59.94,58.5
4/18/2013,59.16,193108,60.48,60.57,58.69
4/17/2013,60.41,445883,58.8,60.59,58.12
4/16/2013,59.35,276754,58.94,59.57,58.6
4/15/2013,58.53,209932,61.18,61.44,58.455
4/12/2013,61.52,278800,61.49,62.075,61.1
4/11/2013,61.5,315332,61.38,62.21,61.3201
4/10/2013,61.4,337989,61.37,61.81,61.14
4/9/2013,61.19,412009,60.61,61.56,60.39
4/8/2013,60.67,237290,59.94,60.93,59.92
4/5/2013,61.16,179817,60.81,61.16,60.245
4/4/2013,61.71,198149,62.39,62.39,61.36
4/3/2013,62.35,335276,63.97,64.2199,62.26
4/2/2013,63.98,478462,63.01,64.33,62.91
4/1/2013,62.58,297510,62.41,62.69,61.52
3/28/2013,62.32,219336,61.22,62.52,61.08
3/27/2013,61.06,1125849,61.15,61.275,60.97
3/26/2013,61.49,147000,61.16,61.65,60.77
3/25/2013,60.8,258902,60.79,60.9775,60.49
3/22/2013,60.68,416777,60.33,60.93,60.16
3/21/2013,61.75,150294,61.58,62.1,61.26
3/20/2013,62.13,129205,61.87,62.55,61.86
3/19/2013,61.29,162727,61.31,61.36,60.57
3/18/2013,61.27,220434,60.88,61.43,60.88
3/15/2013,61.57,275493,61.3,61.66,60.6837
3/14/2013,61.2,288522,60.97,61.25,60.58
3/13/2013,60.8,209472,61.13,61.45,60.74
3/12/2013,60.98,276845,61.12,62.11,60.93
3/11/2013,61.1,409315,63.3,64.11,60.72
3/8/2013,63.4,590054,61.32,63.61,61.08
3/7/2013,60.82,653836,58.84,61.83,58.52
3/6/2013,56.7,321117,57.16,57.26,56.28
3/5/2013,56.91,261942,56.32,56.91,55.7
3/4/2013,56.03,202120,56.07,56.23,55.3
3/1/2013,56.2,218054,54.85,56.34,54.32
2/28/2013,55.24,160213,55.47,55.85,54.92
2/27/2013,55.58,191720,55.29,55.875,54.76
2/26/2013,55.45,431621,55.38,55.92,55.22
2/25/2013,55.06,206699,55.99,55.99,55.06
2/22/2013,55.77,178286,55.15,55.83,54.63
